{
    "name": "franky36",
    "matrix": {
        "cols": 10,
        "rows": 4
    },
    "vendorId": "0xABED",
    "productId": "0x0001",
    "layouts": {
        "labels": [],
        "keymap": [
            [
                {
                    "x": 2
                },
                "0,2",
                {
                    "x": 7.5
                },
                "0,7"
            ],
            [
                {
                    "y": -0.85,
                    "x": 1
                },
                "0,1",
                {
                    "x": 1
                },
                "0,3",
                {
                    "x": 5.5
                },
                "0,6",
                {
                    "x": 1
                },
                "0,8"
            ],
            [
                {
                    "y": -0.8999999999999999
                },
                "0,0",
                {
                    "x": 3
                },
                "0,4",
                {
                    "x": 3.5
                },
                "0,5",
                {
                    "x": 3
                },
                "0,9"
            ],
            [
                {
                    "y": -0.25,
                    "x": 2
                },
                "1,2",
                {
                    "x": 7.5
                },
                "1,7"
            ],
            [
                {
                    "y": -0.8500000000000001,
                    "x": 1
                },
                "1,1",
                {
                    "x": 1
                },
                "1,3",
                {
                    "x": 5.5
                },
                "1,6",
                {
                    "x": 1
                },
                "1,8"
            ],
            [
                {
                    "y": -0.8999999999999999
                },
                "1,0",
                {
                    "x": 3
                },
                "1,4",
                {
                    "x": 3.5
                },
                "1,5",
                {
                    "x": 3
                },
                "1,9"
            ],
            [
                {
                    "y": -0.25,
                    "x": 2
                },
                "2,2",
                {
                    "x": 7.5
                },
                "2,7"
            ],
            [
                {
                    "y": -0.8500000000000001,
                    "x": 1
                },
                "2,1",
                {
                    "x": 1
                },
                "2,3",
                {
                    "x": 5.5
                },
                "2,6",
                {
                    "x": 1
                },
                "2,8"
            ],
            [
                {
                    "y": -0.8999999999999999
                },
                "2,0",
                {
                    "x": 3
                },
                "2,4",
                {
                    "x": 3.5
                },
                "2,5",
                {
                    "x": 3
                },
                "2,9"
            ],
            [
                {
                    "y": 0.1499999999999999,
                    "x": 1,
                    "c": "#aaaaaa"
                },
                "3,2",
                {
                    "x": 9.5,
                    "c": "#777777"
                },
                "3,7"
            ],
            [
                {
                    "r": 11,
                    "rx": 6.25,
                    "ry": 3.5,
                    "y": 0.41000000000000014,
                    "x": -4,
                    "c": "#777777",
                    "w": 1.25
                },
                "3,3"
            ],
            [
                {
                    "r": 11,
                    "rx": 5.75,
                    "ry": 3.25,
                    "y": 0.4,
                    "x": -2,
                    "c": "#777777",
                    "w": 1.25
                },
                "3,4"
            ],
            [
                {
                    "r": -11,
                    "rx": 7,
                    "ry": 3.5,
                    "y": 0.25,
                    "x": 1.5,
                    "w": 1.25,
                    "c": "#777777"
                },
                "3,5"
            ],
            [
                {
                    "r": -11,
                    "rx": 7.25,
                    "ry": 3.5,
                    "y": 0.41000000000000014,
                    "x": 2.75,
                    "w": 1.25,
                    "c": "#777777"
                },
                "3,6"
            ]
        ]
    }
}
